date,count,year,month,NAME,state,age_under_5,age_5_9,age_10_19,age_20_29,age_30_39,age_40_49,age_50_59,age_60_69,age_70_79,age_80_84,age_85_plus,total_population,age_60_69_ratio,Month,AvgTemp,MinTemp,MaxTemp,Precip,HeatingDegreeDays,CoolingDegreeDays,age_under_5_ratio,age_5_9_ratio,age_10_19_ratio,age_20_29_ratio,age_30_39_ratio,age_40_49_ratio,age_50_59_ratio,age_70_79_ratio,age_80_84_ratio,age_85_plus_ratio
2013-01-01,91.0,2013,1,Maine,23.0,64177.0,70496.0,159483.0,157116.0,146376.0,180882.0,216316.0,174930.0,96160.0,33113.0,10262.0,1328302.0,0.131694449003314,"January, 2013",15.8,5.7,26.0,1.42,1394.0,,0.04831506690496589,0.05307226820406805,0.12006531647170599,0.11828334219176061,0.11019783151723027,0.13617535771232747,0.16285152021151816,0.0723931756483089,0.024928818898112024,0.007725652750654595
2013-02-01,72.0,2013,2,Maine,23.0,64177.0,70496.0,159483.0,157116.0,146376.0,180882.0,216316.0,174930.0,96160.0,33113.0,10262.0,1328302.0,0.131694449003314,"February, 2013",20.0,11.3,28.8,3.06,1155.0,,0.04831506690496589,0.05307226820406805,0.12006531647170599,0.11828334219176061,0.11019783151723027,0.13617535771232747,0.16285152021151816,0.0723931756483089,0.024928818898112024,0.007725652750654595
2013-03-01,103.0,2013,3,Maine,23.0,64177.0,70496.0,159483.0,157116.0,146376.0,180882.0,216316.0,174930.0,96160.0,33113.0,10262.0,1328302.0,0.131694449003314,"March, 2013",30.3,22.5,38.2,2.45,1002.0,,0.04831506690496589,0.05307226820406805,0.12006531647170599,0.11828334219176061,0.11019783151723027,0.13617535771232747,0.16285152021151816,0.0723931756483089,0.024928818898112024,0.007725652750654595
2013-04-01,72.0,2013,4,Maine,23.0,64177.0,70496.0,159483.0,157116.0,146376.0,180882.0,216316.0,174930.0,96160.0,33113.0,10262.0,1328302.0,0.131694449003314,"April, 2013",39.1,28.2,50.0,1.98,702.0,,0.04831506690496589,0.05307226820406805,0.12006531647170599,0.11828334219176061,0.11019783151723027,0.13617535771232747,0.16285152021151816,0.0723931756483089,0.024928818898112024,0.007725652750654595
2013-05-01,62.0,2013,5,Maine,23.0,64177.0,70496.0,159483.0,157116.0,146376.0,180882.0,216316.0,174930.0,96160.0,33113.0,10262.0,1328302.0,0.131694449003314,"May, 2013",52.3,40.2,64.4,5.67,370.0,,0.04831506690496589,0.05307226820406805,0.12006531647170599,0.11828334219176061,0.11019783151723027,0.13617535771232747,0.16285152021151816,0.0723931756483089,0.024928818898112024,0.007725652750654595
2013-06-01,104.0,2013,6,Maine,23.0,64177.0,70496.0,159483.0,157116.0,146376.0,180882.0,216316.0,174930.0,96160.0,33113.0,10262.0,1328302.0,0.131694449003314,"June, 2013",60.8,50.3,71.3,6.55,97.0,22.0,0.04831506690496589,0.05307226820406805,0.12006531647170599,0.11828334219176061,0.11019783151723027,0.13617535771232747,0.16285152021151816,0.0723931756483089,0.024928818898112024,0.007725652750654595
2013-07-01,130.0,2013,7,Maine,23.0,64177.0,70496.0,159483.0,157116.0,146376.0,180882.0,216316.0,174930.0,96160.0,33113.0,10262.0,1328302.0,0.131694449003314,"July, 2013",68.3,57.7,78.8,4.89,11.0,161.0,0.04831506690496589,0.05307226820406805,0.12006531647170599,0.11828334219176061,0.11019783151723027,0.13617535771232747,0.16285152021151816,0.0723931756483089,0.024928818898112024,0.007725652750654595
2013-08-01,140.0,2013,8,Maine,23.0,64177.0,70496.0,159483.0,157116.0,146376.0,180882.0,216316.0,174930.0,96160.0,33113.0,10262.0,1328302.0,0.131694449003314,"August, 2013",63.7,52.7,74.7,4.6,60.0,72.0,0.04831506690496589,0.05307226820406805,0.12006531647170599,0.11828334219176061,0.11019783151723027,0.13617535771232747,0.16285152021151816,0.0723931756483089,0.024928818898112024,0.007725652750654595
2013-09-01,120.0,2013,9,Maine,23.0,64177.0,70496.0,159483.0,157116.0,146376.0,180882.0,216316.0,174930.0,96160.0,33113.0,10262.0,1328302.0,0.131694449003314,"September, 2013",56.7,46.6,66.9,5.42,206.0,5.0,0.04831506690496589,0.05307226820406805,0.12006531647170599,0.11828334219176061,0.11019783151723027,0.13617535771232747,0.16285152021151816,0.0723931756483089,0.024928818898112024,0.007725652750654595
2013-10-01,106.0,2013,10,Maine,23.0,64177.0,70496.0,159483.0,157116.0,146376.0,180882.0,216316.0,174930.0,96160.0,33113.0,10262.0,1328302.0,0.131694449003314,"October, 2013",47.3,37.0,57.6,1.7,487.0,,0.04831506690496589,0.05307226820406805,0.12006531647170599,0.11828334219176061,0.11019783151723027,0.13617535771232747,0.16285152021151816,0.0723931756483089,0.024928818898112024,0.007725652750654595
2013-11-01,92.0,2013,11,Maine,23.0,64177.0,70496.0,159483.0,157116.0,146376.0,180882.0,216316.0,174930.0,96160.0,33113.0,10262.0,1328302.0,0.131694449003314,"November, 2013",32.3,24.0,40.6,4.11,902.0,,0.04831506690496589,0.05307226820406805,0.12006531647170599,0.11828334219176061,0.11019783151723027,0.13617535771232747,0.16285152021151816,0.0723931756483089,0.024928818898112024,0.007725652750654595
2013-12-01,72.0,2013,12,Maine,23.0,64177.0,70496.0,159483.0,157116.0,146376.0,180882.0,216316.0,174930.0,96160.0,33113.0,10262.0,1328302.0,0.131694449003314,"December, 2013",17.0,9.3,24.6,3.76,1373.0,,0.04831506690496589,0.05307226820406805,0.12006531647170599,0.11828334219176061,0.11019783151723027,0.13617535771232747,0.16285152021151816,0.0723931756483089,0.024928818898112024,0.007725652750654595
2014-01-01,100.0,2014,1,Maine,23.0,62917.0,71830.0,157385.0,155225.0,149807.0,174208.0,217565.0,181275.0,96753.0,31764.0,11031.0,1330089.0,0.1362878724656771,"January, 2014",14.2,4.9,23.6,3.41,1453.0,,0.0473028496589326,0.054003905001845744,0.11832666836580108,0.11670271688586252,0.11262930525701663,0.13097469417460034,0.16357176098742265,0.07274174886041461,0.023881108707763166,0.008293429988519565
2014-02-01,87.0,2014,2,Maine,23.0,62917.0,71830.0,157385.0,155225.0,149807.0,174208.0,217565.0,181275.0,96753.0,31764.0,11031.0,1330089.0,0.1362878724656771,"February, 2014",15.7,4.9,26.5,2.85,1271.0,,0.0473028496589326,0.054003905001845744,0.11832666836580108,0.11670271688586252,0.11262930525701663,0.13097469417460034,0.16357176098742265,0.07274174886041461,0.023881108707763166,0.008293429988519565
2014-03-01,79.0,2014,3,Maine,23.0,62917.0,71830.0,157385.0,155225.0,149807.0,174208.0,217565.0,181275.0,96753.0,31764.0,11031.0,1330089.0,0.1362878724656771,"March, 2014",18.1,6.4,29.9,3.8,1319.0,,0.0473028496589326,0.054003905001845744,0.11832666836580108,0.11670271688586252,0.11262930525701663,0.13097469417460034,0.16357176098742265,0.07274174886041461,0.023881108707763166,0.008293429988519565
2014-04-01,93.0,2014,4,Maine,23.0,62917.0,71830.0,157385.0,155225.0,149807.0,174208.0,217565.0,181275.0,96753.0,31764.0,11031.0,1330089.0,0.1362878724656771,"April, 2014",38.7,28.0,49.4,3.44,714.0,,0.0473028496589326,0.054003905001845744,0.11832666836580108,0.11670271688586252,0.11262930525701663,0.13097469417460034,0.16357176098742265,0.07274174886041461,0.023881108707763166,0.008293429988519565
2014-05-01,117.0,2014,5,Maine,23.0,62917.0,71830.0,157385.0,155225.0,149807.0,174208.0,217565.0,181275.0,96753.0,31764.0,11031.0,1330089.0,0.1362878724656771,"May, 2014",51.7,41.1,62.2,3.99,377.0,,0.0473028496589326,0.054003905001845744,0.11832666836580108,0.11670271688586252,0.11262930525701663,0.13097469417460034,0.16357176098742265,0.07274174886041461,0.023881108707763166,0.008293429988519565
2014-06-01,144.0,2014,6,Maine,23.0,62917.0,71830.0,157385.0,155225.0,149807.0,174208.0,217565.0,181275.0,96753.0,31764.0,11031.0,1330089.0,0.1362878724656771,"June, 2014",61.6,50.0,73.2,4.58,96.0,22.0,0.0473028496589326,0.054003905001845744,0.11832666836580108,0.11670271688586252,0.11262930525701663,0.13097469417460034,0.16357176098742265,0.07274174886041461,0.023881108707763166,0.008293429988519565
2014-07-01,109.0,2014,7,Maine,23.0,62917.0,71830.0,157385.0,155225.0,149807.0,174208.0,217565.0,181275.0,96753.0,31764.0,11031.0,1330089.0,0.1362878724656771,"July, 2014",67.2,56.6,77.9,6.65,18.0,129.0,0.0473028496589326,0.054003905001845744,0.11832666836580108,0.11670271688586252,0.11262930525701663,0.13097469417460034,0.16357176098742265,0.07274174886041461,0.023881108707763166,0.008293429988519565
2014-08-01,127.0,2014,8,Maine,23.0,62917.0,71830.0,157385.0,155225.0,149807.0,174208.0,217565.0,181275.0,96753.0,31764.0,11031.0,1330089.0,0.1362878724656771,"August, 2014",64.4,53.5,75.2,3.34,55.0,76.0,0.0473028496589326,0.054003905001845744,0.11832666836580108,0.11670271688586252,0.11262930525701663,0.13097469417460034,0.16357176098742265,0.07274174886041461,0.023881108707763166,0.008293429988519565
2014-09-01,111.0,2014,9,Maine,23.0,62917.0,71830.0,157385.0,155225.0,149807.0,174208.0,217565.0,181275.0,96753.0,31764.0,11031.0,1330089.0,0.1362878724656771,"September, 2014",56.4,44.8,68.1,1.61,208.0,5.0,0.0473028496589326,0.054003905001845744,0.11832666836580108,0.11670271688586252,0.11262930525701663,0.13097469417460034,0.16357176098742265,0.07274174886041461,0.023881108707763166,0.008293429988519565
2014-10-01,113.0,2014,10,Maine,23.0,62917.0,71830.0,157385.0,155225.0,149807.0,174208.0,217565.0,181275.0,96753.0,31764.0,11031.0,1330089.0,0.1362878724656771,"October, 2014",48.5,40.1,56.9,6.2,446.0,,0.0473028496589326,0.054003905001845744,0.11832666836580108,0.11670271688586252,0.11262930525701663,0.13097469417460034,0.16357176098742265,0.07274174886041461,0.023881108707763166,0.008293429988519565
2014-11-01,91.0,2014,11,Maine,23.0,62917.0,71830.0,157385.0,155225.0,149807.0,174208.0,217565.0,181275.0,96753.0,31764.0,11031.0,1330089.0,0.1362878724656771,"November, 2014",31.8,24.2,39.4,3.5,920.0,,0.0473028496589326,0.054003905001845744,0.11832666836580108,0.11670271688586252,0.11262930525701663,0.13097469417460034,0.16357176098742265,0.07274174886041461,0.023881108707763166,0.008293429988519565
2014-12-01,69.0,2014,12,Maine,23.0,62917.0,71830.0,157385.0,155225.0,149807.0,174208.0,217565.0,181275.0,96753.0,31764.0,11031.0,1330089.0,0.1362878724656771,"December, 2014",26.0,19.4,32.5,6.08,1095.0,,0.0473028496589326,0.054003905001845744,0.11832666836580108,0.11670271688586252,0.11262930525701663,0.13097469417460034,0.16357176098742265,0.07274174886041461,0.023881108707763166,0.008293429988519565
2015-01-01,109.0,2015,1,Maine,23.0,63852.0,69349.0,155963.0,155116.0,146320.0,172948.0,215600.0,186662.0,102504.0,28990.0,10673.0,1329328.0,0.1404183166231359,"January, 2015",11.7,0.7,22.7,3.17,1530.0,,0.04803329200919562,0.05216846406605443,0.11732469337891024,0.11668752933813174,0.11007065223932694,0.13010182588495842,0.16218721037998146,0.07710963735060121,0.02180801126584259,0.008028868721639807
2015-02-01,89.0,2015,2,Maine,23.0,63852.0,69349.0,155963.0,155116.0,146320.0,172948.0,215600.0,186662.0,102504.0,28990.0,10673.0,1329328.0,0.1404183166231359,"February, 2015",5.2,-5.8,16.1,1.74,1575.0,,0.04803329200919562,0.05216846406605443,0.11732469337891024,0.11668752933813174,0.11007065223932694,0.13010182588495842,0.16218721037998146,0.07710963735060121,0.02180801126584259,0.008028868721639807
2015-03-01,107.0,2015,3,Maine,23.0,63852.0,69349.0,155963.0,155116.0,146320.0,172948.0,215600.0,186662.0,102504.0,28990.0,10673.0,1329328.0,0.1404183166231359,"March, 2015",21.6,10.2,33.0,1.78,1255.0,,0.04803329200919562,0.05216846406605443,0.11732469337891024,0.11668752933813174,0.11007065223932694,0.13010182588495842,0.16218721037998146,0.07710963735060121,0.02180801126584259,0.008028868721639807
2015-04-01,95.0,2015,4,Maine,23.0,63852.0,69349.0,155963.0,155116.0,146320.0,172948.0,215600.0,186662.0,102504.0,28990.0,10673.0,1329328.0,0.1404183166231359,"April, 2015",37.8,27.2,48.5,3.08,741.0,,0.04803329200919562,0.05216846406605443,0.11732469337891024,0.11668752933813174,0.11007065223932694,0.13010182588495842,0.16218721037998146,0.07710963735060121,0.02180801126584259,0.008028868721639807
2015-05-01,124.0,2015,5,Maine,23.0,63852.0,69349.0,155963.0,155116.0,146320.0,172948.0,215600.0,186662.0,102504.0,28990.0,10673.0,1329328.0,0.1404183166231359,"May, 2015",55.7,42.8,68.7,2.8,259.0,4.0,0.04803329200919562,0.05216846406605443,0.11732469337891024,0.11668752933813174,0.11007065223932694,0.13010182588495842,0.16218721037998146,0.07710963735060121,0.02180801126584259,0.008028868721639807
2015-06-01,134.0,2015,6,Maine,23.0,63852.0,69349.0,155963.0,155116.0,146320.0,172948.0,215600.0,186662.0,102504.0,28990.0,10673.0,1329328.0,0.1404183166231359,"June, 2015",57.5,47.4,67.5,5.79,195.0,,0.04803329200919562,0.05216846406605443,0.11732469337891024,0.11668752933813174,0.11007065223932694,0.13010182588495842,0.16218721037998146,0.07710963735060121,0.02180801126584259,0.008028868721639807
2015-07-01,142.0,2015,7,Maine,23.0,63852.0,69349.0,155963.0,155116.0,146320.0,172948.0,215600.0,186662.0,102504.0,28990.0,10673.0,1329328.0,0.1404183166231359,"July, 2015",64.8,54.0,75.5,3.61,42.0,79.0,0.04803329200919562,0.05216846406605443,0.11732469337891024,0.11668752933813174,0.11007065223932694,0.13010182588495842,0.16218721037998146,0.07710963735060121,0.02180801126584259,0.008028868721639807
2015-08-01,128.0,2015,8,Maine,23.0,63852.0,69349.0,155963.0,155116.0,146320.0,172948.0,215600.0,186662.0,102504.0,28990.0,10673.0,1329328.0,0.1404183166231359,"August, 2015",67.2,56.8,77.5,3.9,23.0,130.0,0.04803329200919562,0.05216846406605443,0.11732469337891024,0.11668752933813174,0.11007065223932694,0.13010182588495842,0.16218721037998146,0.07710963735060121,0.02180801126584259,0.008028868721639807
2015-09-01,133.0,2015,9,Maine,23.0,63852.0,69349.0,155963.0,155116.0,146320.0,172948.0,215600.0,186662.0,102504.0,28990.0,10673.0,1329328.0,0.1404183166231359,"September, 2015",61.8,49.9,73.7,4.82,88.0,39.0,0.04803329200919562,0.05216846406605443,0.11732469337891024,0.11668752933813174,0.11007065223932694,0.13010182588495842,0.16218721037998146,0.07710963735060121,0.02180801126584259,0.008028868721639807
2015-10-01,127.0,2015,10,Maine,23.0,63852.0,69349.0,155963.0,155116.0,146320.0,172948.0,215600.0,186662.0,102504.0,28990.0,10673.0,1329328.0,0.1404183166231359,"October, 2015",43.2,33.1,53.2,4.73,599.0,,0.04803329200919562,0.05216846406605443,0.11732469337891024,0.11668752933813174,0.11007065223932694,0.13010182588495842,0.16218721037998146,0.07710963735060121,0.02180801126584259,0.008028868721639807
2015-11-01,116.0,2015,11,Maine,23.0,63852.0,69349.0,155963.0,155116.0,146320.0,172948.0,215600.0,186662.0,102504.0,28990.0,10673.0,1329328.0,0.1404183166231359,"November, 2015",37.0,28.7,45.3,2.43,770.0,,0.04803329200919562,0.05216846406605443,0.11732469337891024,0.11668752933813174,0.11007065223932694,0.13010182588495842,0.16218721037998146,0.07710963735060121,0.02180801126584259,0.008028868721639807
2015-12-01,79.0,2015,12,Maine,23.0,63852.0,69349.0,155963.0,155116.0,146320.0,172948.0,215600.0,186662.0,102504.0,28990.0,10673.0,1329328.0,0.1404183166231359,"December, 2015",31.2,24.9,37.4,5.31,960.0,,0.04803329200919562,0.05216846406605443,0.11732469337891024,0.11668752933813174,0.11007065223932694,0.13010182588495842,0.16218721037998146,0.07710963735060121,0.02180801126584259,0.008028868721639807
2016-01-01,111.0,2016,1,Maine,23.0,63941.0,74853.0,151051.0,154906.0,150954.0,169302.0,209868.0,192267.0,99895.0,29246.0,14109.0,1331479.0,0.1444010757961635,"January, 2016",20.1,11.4,28.7,2.5,1278.0,,0.04802253734381091,0.05621793509323091,0.1134460250593513,0.116341301665291,0.11337317374138083,0.12715333850552657,0.15762021030748513,0.07502559184185406,0.021965047890353508,0.010596487064384793
2016-02-01,101.0,2016,2,Maine,23.0,63941.0,74853.0,151051.0,154906.0,150954.0,169302.0,209868.0,192267.0,99895.0,29246.0,14109.0,1331479.0,0.1444010757961635,"February, 2016",21.9,11.4,32.3,4.74,1097.0,,0.04802253734381091,0.05621793509323091,0.1134460250593513,0.116341301665291,0.11337317374138083,0.12715333850552657,0.15762021030748513,0.07502559184185406,0.021965047890353508,0.010596487064384793
2016-03-01,123.0,2016,3,Maine,23.0,63941.0,74853.0,151051.0,154906.0,150954.0,169302.0,209868.0,192267.0,99895.0,29246.0,14109.0,1331479.0,0.1444010757961635,"March, 2016",29.2,19.8,38.6,3.74,989.0,,0.04802253734381091,0.05621793509323091,0.1134460250593513,0.116341301665291,0.11337317374138083,0.12715333850552657,0.15762021030748513,0.07502559184185406,0.021965047890353508,0.010596487064384793
2016-04-01,108.0,2016,4,Maine,23.0,63941.0,74853.0,151051.0,154906.0,150954.0,169302.0,209868.0,192267.0,99895.0,29246.0,14109.0,1331479.0,0.1444010757961635,"April, 2016",37.3,25.6,49.1,2.53,738.0,,0.04802253734381091,0.05621793509323091,0.1134460250593513,0.116341301665291,0.11337317374138083,0.12715333850552657,0.15762021030748513,0.07502559184185406,0.021965047890353508,0.010596487064384793
2016-05-01,121.0,2016,5,Maine,23.0,63941.0,74853.0,151051.0,154906.0,150954.0,169302.0,209868.0,192267.0,99895.0,29246.0,14109.0,1331479.0,0.1444010757961635,"May, 2016",52.8,41.1,64.4,2.56,346.0,,0.04802253734381091,0.05621793509323091,0.1134460250593513,0.116341301665291,0.11337317374138083,0.12715333850552657,0.15762021030748513,0.07502559184185406,0.021965047890353508,0.010596487064384793
2016-06-01,158.0,2016,6,Maine,23.0,63941.0,74853.0,151051.0,154906.0,150954.0,169302.0,209868.0,192267.0,99895.0,29246.0,14109.0,1331479.0,0.1444010757961635,"June, 2016",60.5,48.9,72.0,3.41,120.0,14.0,0.04802253734381091,0.05621793509323091,0.1134460250593513,0.116341301665291,0.11337317374138083,0.12715333850552657,0.15762021030748513,0.07502559184185406,0.021965047890353508,0.010596487064384793
2016-07-01,160.0,2016,7,Maine,23.0,63941.0,74853.0,151051.0,154906.0,150954.0,169302.0,209868.0,192267.0,99895.0,29246.0,14109.0,1331479.0,0.1444010757961635,"July, 2016",67.0,56.2,77.7,3.78,18.0,133.0,0.04802253734381091,0.05621793509323091,0.1134460250593513,0.116341301665291,0.11337317374138083,0.12715333850552657,0.15762021030748513,0.07502559184185406,0.021965047890353508,0.010596487064384793
2016-08-01,151.0,2016,8,Maine,23.0,63941.0,74853.0,151051.0,154906.0,150954.0,169302.0,209868.0,192267.0,99895.0,29246.0,14109.0,1331479.0,0.1444010757961635,"August, 2016",66.6,55.2,77.9,4.15,24.0,129.0,0.04802253734381091,0.05621793509323091,0.1134460250593513,0.116341301665291,0.11337317374138083,0.12715333850552657,0.15762021030748513,0.07502559184185406,0.021965047890353508,0.010596487064384793
2016-09-01,146.0,2016,9,Maine,23.0,63941.0,74853.0,151051.0,154906.0,150954.0,169302.0,209868.0,192267.0,99895.0,29246.0,14109.0,1331479.0,0.1444010757961635,"September, 2016",59.1,47.8,70.3,1.58,137.0,17.0,0.04802253734381091,0.05621793509323091,0.1134460250593513,0.116341301665291,0.11337317374138083,0.12715333850552657,0.15762021030748513,0.07502559184185406,0.021965047890353508,0.010596487064384793
2016-10-01,112.0,2016,10,Maine,23.0,63941.0,74853.0,151051.0,154906.0,150954.0,169302.0,209868.0,192267.0,99895.0,29246.0,14109.0,1331479.0,0.1444010757961635,"October, 2016",46.9,37.4,56.4,3.98,502.0,,0.04802253734381091,0.05621793509323091,0.1134460250593513,0.116341301665291,0.11337317374138083,0.12715333850552657,0.15762021030748513,0.07502559184185406,0.021965047890353508,0.010596487064384793
2016-11-01,106.0,2016,11,Maine,23.0,63941.0,74853.0,151051.0,154906.0,150954.0,169302.0,209868.0,192267.0,99895.0,29246.0,14109.0,1331479.0,0.1444010757961635,"November, 2016",37.2,30.0,44.4,3.82,769.0,,0.04802253734381091,0.05621793509323091,0.1134460250593513,0.116341301665291,0.11337317374138083,0.12715333850552657,0.15762021030748513,0.07502559184185406,0.021965047890353508,0.010596487064384793
2016-12-01,100.0,2016,12,Maine,23.0,63941.0,74853.0,151051.0,154906.0,150954.0,169302.0,209868.0,192267.0,99895.0,29246.0,14109.0,1331479.0,0.1444010757961635,"December, 2016",20.5,11.6,29.3,4.57,1267.0,,0.04802253734381091,0.05621793509323091,0.1134460250593513,0.116341301665291,0.11337317374138083,0.12715333850552657,0.15762021030748513,0.07502559184185406,0.021965047890353508,0.010596487064384793
2017-01-01,119.0,2017,1,Maine,23.0,64390.0,69707.0,155800.0,154002.0,155585.0,161790.0,206173.0,192410.0,111462.0,29842.0,12374.0,1335907.0,0.1440294870825589,"January, 2017",21.5,13.2,29.9,3.83,1221.0,,0.04819946298657017,0.05217953046132703,0.11662488481608375,0.11527898274355924,0.11646394546925797,0.1211087298741604,0.15433185094471397,0.08343544872509838,0.022338381339419584,0.009262620826150323
2017-02-01,94.0,2017,2,Maine,23.0,64390.0,69707.0,155800.0,154002.0,155585.0,161790.0,206173.0,192410.0,111462.0,29842.0,12374.0,1335907.0,0.1440294870825589,"February, 2017",20.6,10.5,30.7,3.11,1137.0,,0.04819946298657017,0.05217953046132703,0.11662488481608375,0.11527898274355924,0.11646394546925797,0.1211087298741604,0.15433185094471397,0.08343544872509838,0.022338381339419584,0.009262620826150323
2017-03-01,106.0,2017,3,Maine,23.0,64390.0,69707.0,155800.0,154002.0,155585.0,161790.0,206173.0,192410.0,111462.0,29842.0,12374.0,1335907.0,0.1440294870825589,"March, 2017",22.2,12.4,31.9,2.69,1218.0,,0.04819946298657017,0.05217953046132703,0.11662488481608375,0.11527898274355924,0.11646394546925797,0.1211087298741604,0.15433185094471397,0.08343544872509838,0.022338381339419584,0.009262620826150323
2017-04-01,107.0,2017,4,Maine,23.0,64390.0,69707.0,155800.0,154002.0,155585.0,161790.0,206173.0,192410.0,111462.0,29842.0,12374.0,1335907.0,0.1440294870825589,"April, 2017",42.0,32.6,51.4,4.11,621.0,,0.04819946298657017,0.05217953046132703,0.11662488481608375,0.11527898274355924,0.11646394546925797,0.1211087298741604,0.15433185094471397,0.08343544872509838,0.022338381339419584,0.009262620826150323
2017-05-01,124.0,2017,5,Maine,23.0,64390.0,69707.0,155800.0,154002.0,155585.0,161790.0,206173.0,192410.0,111462.0,29842.0,12374.0,1335907.0,0.1440294870825589,"May, 2017",50.7,40.6,60.7,5.67,409.0,,0.04819946298657017,0.05217953046132703,0.11662488481608375,0.11527898274355924,0.11646394546925797,0.1211087298741604,0.15433185094471397,0.08343544872509838,0.022338381339419584,0.009262620826150323
2017-06-01,137.0,2017,6,Maine,23.0,64390.0,69707.0,155800.0,154002.0,155585.0,161790.0,206173.0,192410.0,111462.0,29842.0,12374.0,1335907.0,0.1440294870825589,"June, 2017",61.0,49.9,72.0,3.73,100.0,21.0,0.04819946298657017,0.05217953046132703,0.11662488481608375,0.11527898274355924,0.11646394546925797,0.1211087298741604,0.15433185094471397,0.08343544872509838,0.022338381339419584,0.009262620826150323
2017-07-01,181.0,2017,7,Maine,23.0,64390.0,69707.0,155800.0,154002.0,155585.0,161790.0,206173.0,192410.0,111462.0,29842.0,12374.0,1335907.0,0.1440294870825589,"July, 2017",65.2,54.1,76.4,2.84,36.0,88.0,0.04819946298657017,0.05217953046132703,0.11662488481608375,0.11527898274355924,0.11646394546925797,0.1211087298741604,0.15433185094471397,0.08343544872509838,0.022338381339419584,0.009262620826150323
2017-08-01,182.0,2017,8,Maine,23.0,64390.0,69707.0,155800.0,154002.0,155585.0,161790.0,206173.0,192410.0,111462.0,29842.0,12374.0,1335907.0,0.1440294870825589,"August, 2017",63.3,51.7,74.9,2.45,62.0,70.0,0.04819946298657017,0.05217953046132703,0.11662488481608375,0.11527898274355924,0.11646394546925797,0.1211087298741604,0.15433185094471397,0.08343544872509838,0.022338381339419584,0.009262620826150323
2017-09-01,142.0,2017,9,Maine,23.0,64390.0,69707.0,155800.0,154002.0,155585.0,161790.0,206173.0,192410.0,111462.0,29842.0,12374.0,1335907.0,0.1440294870825589,"September, 2017",61.1,49.9,72.3,3.08,96.0,36.0,0.04819946298657017,0.05217953046132703,0.11662488481608375,0.11527898274355924,0.11646394546925797,0.1211087298741604,0.15433185094471397,0.08343544872509838,0.022338381339419584,0.009262620826150323
2017-10-01,117.0,2017,10,Maine,23.0,64390.0,69707.0,155800.0,154002.0,155585.0,161790.0,206173.0,192410.0,111462.0,29842.0,12374.0,1335907.0,0.1440294870825589,"October, 2017",52.0,41.1,62.8,7.17,338.0,,0.04819946298657017,0.05217953046132703,0.11662488481608375,0.11527898274355924,0.11646394546925797,0.1211087298741604,0.15433185094471397,0.08343544872509838,0.022338381339419584,0.009262620826150323
2017-11-01,134.0,2017,11,Maine,23.0,64390.0,69707.0,155800.0,154002.0,155585.0,161790.0,206173.0,192410.0,111462.0,29842.0,12374.0,1335907.0,0.1440294870825589,"November, 2017",32.4,23.3,41.5,2.77,883.0,,0.04819946298657017,0.05217953046132703,0.11662488481608375,0.11527898274355924,0.11646394546925797,0.1211087298741604,0.15433185094471397,0.08343544872509838,0.022338381339419584,0.009262620826150323
2017-12-01,142.0,2017,12,Maine,23.0,64390.0,69707.0,155800.0,154002.0,155585.0,161790.0,206173.0,192410.0,111462.0,29842.0,12374.0,1335907.0,0.1440294870825589,"December, 2017",16.4,8.2,24.6,3.87,1394.0,,0.04819946298657017,0.05217953046132703,0.11662488481608375,0.11527898274355924,0.11646394546925797,0.1211087298741604,0.15433185094471397,0.08343544872509838,0.022338381339419584,0.009262620826150323
2018-01-01,128.0,2018,1,Maine,23.0,63410.0,67860.0,149874.0,153580.0,160310.0,158300.0,200748.0,200651.0,117404.0,31418.0,12650.0,1338404.0,0.14991811142226114,"January, 2018",15.0,5.9,24.1,4.78,1431.0,,0.04737732403668848,0.0507021796109396,0.1119796414236658,0.11474861103224437,0.11977698811420169,0.1182751994166186,0.14999058580219427,0.08771940310997277,0.02347422751276894,0.009451555733545327
2018-02-01,125.0,2018,2,Maine,23.0,63410.0,67860.0,149874.0,153580.0,160310.0,158300.0,200748.0,200651.0,117404.0,31418.0,12650.0,1338404.0,0.14991811142226114,"February, 2018",22.7,12.0,33.3,3.02,1077.0,,0.04737732403668848,0.0507021796109396,0.1119796414236658,0.11474861103224437,0.11977698811420169,0.1182751994166186,0.14999058580219427,0.08771940310997277,0.02347422751276894,0.009451555733545327
2018-03-01,138.0,2018,3,Maine,23.0,63410.0,67860.0,149874.0,153580.0,160310.0,158300.0,200748.0,200651.0,117404.0,31418.0,12650.0,1338404.0,0.14991811142226114,"March, 2018",28.9,20.8,37.1,2.95,1040.0,,0.04737732403668848,0.0507021796109396,0.1119796414236658,0.11474861103224437,0.11977698811420169,0.1182751994166186,0.14999058580219427,0.08771940310997277,0.02347422751276894,0.009451555733545327
2018-04-01,132.0,2018,4,Maine,23.0,63410.0,67860.0,149874.0,153580.0,160310.0,158300.0,200748.0,200651.0,117404.0,31418.0,12650.0,1338404.0,0.14991811142226114,"April, 2018",36.5,26.7,46.4,4.65,769.0,,0.04737732403668848,0.0507021796109396,0.1119796414236658,0.11474861103224437,0.11977698811420169,0.1182751994166186,0.14999058580219427,0.08771940310997277,0.02347422751276894,0.009451555733545327
2018-05-01,144.0,2018,5,Maine,23.0,63410.0,67860.0,149874.0,153580.0,160310.0,158300.0,200748.0,200651.0,117404.0,31418.0,12650.0,1338404.0,0.14991811142226114,"May, 2018",53.5,39.3,67.7,1.92,308.0,,0.04737732403668848,0.0507021796109396,0.1119796414236658,0.11474861103224437,0.11977698811420169,0.1182751994166186,0.14999058580219427,0.08771940310997277,0.02347422751276894,0.009451555733545327
2018-06-01,167.0,2018,6,Maine,23.0,63410.0,67860.0,149874.0,153580.0,160310.0,158300.0,200748.0,200651.0,117404.0,31418.0,12650.0,1338404.0,0.14991811142226114,"June, 2018",59.0,46.7,71.2,3.69,143.0,9.0,0.04737732403668848,0.0507021796109396,0.1119796414236658,0.11474861103224437,0.11977698811420169,0.1182751994166186,0.14999058580219427,0.08771940310997277,0.02347422751276894,0.009451555733545327
2018-07-01,199.0,2018,7,Maine,23.0,63410.0,67860.0,149874.0,153580.0,160310.0,158300.0,200748.0,200651.0,117404.0,31418.0,12650.0,1338404.0,0.14991811142226114,"July, 2018",68.8,57.4,80.3,4.06,11.0,156.0,0.04737732403668848,0.0507021796109396,0.1119796414236658,0.11474861103224437,0.11977698811420169,0.1182751994166186,0.14999058580219427,0.08771940310997277,0.02347422751276894,0.009451555733545327
2018-08-01,214.0,2018,8,Maine,23.0,63410.0,67860.0,149874.0,153580.0,160310.0,158300.0,200748.0,200651.0,117404.0,31418.0,12650.0,1338404.0,0.14991811142226114,"August, 2018",68.0,57.4,78.6,3.78,16.0,158.0,0.04737732403668848,0.0507021796109396,0.1119796414236658,0.11474861103224437,0.11977698811420169,0.1182751994166186,0.14999058580219427,0.08771940310997277,0.02347422751276894,0.009451555733545327
2018-09-01,167.0,2018,9,Maine,23.0,63410.0,67860.0,149874.0,153580.0,160310.0,158300.0,200748.0,200651.0,117404.0,31418.0,12650.0,1338404.0,0.14991811142226114,"September, 2018",57.9,46.5,69.3,3.15,165.0,10.0,0.04737732403668848,0.0507021796109396,0.1119796414236658,0.11474861103224437,0.11977698811420169,0.1182751994166186,0.14999058580219427,0.08771940310997277,0.02347422751276894,0.009451555733545327
2018-10-01,123.0,2018,10,Maine,23.0,63410.0,67860.0,149874.0,153580.0,160310.0,158300.0,200748.0,200651.0,117404.0,31418.0,12650.0,1338404.0,0.14991811142226114,"October, 2018",41.9,34.4,49.4,4.48,632.0,,0.04737732403668848,0.0507021796109396,0.1119796414236658,0.11474861103224437,0.11977698811420169,0.1182751994166186,0.14999058580219427,0.08771940310997277,0.02347422751276894,0.009451555733545327
2018-11-01,81.0,2018,11,Maine,23.0,63410.0,67860.0,149874.0,153580.0,160310.0,158300.0,200748.0,200651.0,117404.0,31418.0,12650.0,1338404.0,0.14991811142226114,"November, 2018",28.6,22.1,35.0,6.18,1001.0,,0.04737732403668848,0.0507021796109396,0.1119796414236658,0.11474861103224437,0.11977698811420169,0.1182751994166186,0.14999058580219427,0.08771940310997277,0.02347422751276894,0.009451555733545327
2018-12-01,118.0,2018,12,Maine,23.0,63410.0,67860.0,149874.0,153580.0,160310.0,158300.0,200748.0,200651.0,117404.0,31418.0,12650.0,1338404.0,0.14991811142226114,"December, 2018",20.4,11.2,29.5,3.79,1261.0,,0.04737732403668848,0.0507021796109396,0.1119796414236658,0.11474861103224437,0.11977698811420169,0.1182751994166186,0.14999058580219427,0.08771940310997277,0.02347422751276894,0.009451555733545327
2019-01-01,119.0,2019,1,Maine,23.0,62813.0,64874.0,151079.0,156462.0,159657.0,160070.0,194682.0,201020.0,127433.0,31469.0,11055.0,1344212.0,0.14954486345903772,"January, 2019",14.1,4.2,24.0,5.25,1432.0,,0.04672849223188009,0.04826173252433396,0.11239224169996995,0.11639681835900885,0.11877367558093516,0.11908091878364424,0.14482983338937608,0.09480126646689659,0.023410741757996508,0.00822414916694688
2019-02-01,99.0,2019,2,Maine,23.0,62813.0,64874.0,151079.0,156462.0,159657.0,160070.0,194682.0,201020.0,127433.0,31469.0,11055.0,1344212.0,0.14954486345903772,"February, 2019",16.3,6.4,26.3,2.87,1243.0,,0.04672849223188009,0.04826173252433396,0.11239224169996995,0.11639681835900885,0.11877367558093516,0.11908091878364424,0.14482983338937608,0.09480126646689659,0.023410741757996508,0.00822414916694688
2019-03-01,134.0,2019,3,Maine,23.0,62813.0,64874.0,151079.0,156462.0,159657.0,160070.0,194682.0,201020.0,127433.0,31469.0,11055.0,1344212.0,0.14954486345903772,"March, 2019",24.7,13.4,36.0,2.19,1148.0,,0.04672849223188009,0.04826173252433396,0.11239224169996995,0.11639681835900885,0.11877367558093516,0.11908091878364424,0.14482983338937608,0.09480126646689659,0.023410741757996508,0.00822414916694688
2019-04-01,121.0,2019,4,Maine,23.0,62813.0,64874.0,151079.0,156462.0,159657.0,160070.0,194682.0,201020.0,127433.0,31469.0,11055.0,1344212.0,0.14954486345903772,"April, 2019",38.8,30.0,47.6,5.37,706.0,,0.04672849223188009,0.04826173252433396,0.11239224169996995,0.11639681835900885,0.11877367558093516,0.11908091878364424,0.14482983338937608,0.09480126646689659,0.023410741757996508,0.00822414916694688
2019-05-01,142.0,2019,5,Maine,23.0,62813.0,64874.0,151079.0,156462.0,159657.0,160070.0,194682.0,201020.0,127433.0,31469.0,11055.0,1344212.0,0.14954486345903772,"May, 2019",48.1,37.9,58.3,4.49,477.0,,0.04672849223188009,0.04826173252433396,0.11239224169996995,0.11639681835900885,0.11877367558093516,0.11908091878364424,0.14482983338937608,0.09480126646689659,0.023410741757996508,0.00822414916694688
2019-06-01,161.0,2019,6,Maine,23.0,62813.0,64874.0,151079.0,156462.0,159657.0,160070.0,194682.0,201020.0,127433.0,31469.0,11055.0,1344212.0,0.14954486345903772,"June, 2019",59.5,47.8,71.2,4.69,137.0,10.0,0.04672849223188009,0.04826173252433396,0.11239224169996995,0.11639681835900885,0.11877367558093516,0.11908091878364424,0.14482983338937608,0.09480126646689659,0.023410741757996508,0.00822414916694688
2019-07-01,216.0,2019,7,Maine,23.0,62813.0,64874.0,151079.0,156462.0,159657.0,160070.0,194682.0,201020.0,127433.0,31469.0,11055.0,1344212.0,0.14954486345903772,"July, 2019",68.3,56.3,80.4,3.31,11.0,158.0,0.04672849223188009,0.04826173252433396,0.11239224169996995,0.11639681835900885,0.11877367558093516,0.11908091878364424,0.14482983338937608,0.09480126646689659,0.023410741757996508,0.00822414916694688
2019-08-01,187.0,2019,8,Maine,23.0,62813.0,64874.0,151079.0,156462.0,159657.0,160070.0,194682.0,201020.0,127433.0,31469.0,11055.0,1344212.0,0.14954486345903772,"August, 2019",64.5,53.2,75.7,4.8,48.0,86.0,0.04672849223188009,0.04826173252433396,0.11239224169996995,0.11639681835900885,0.11877367558093516,0.11908091878364424,0.14482983338937608,0.09480126646689659,0.023410741757996508,0.00822414916694688
2019-09-01,181.0,2019,9,Maine,23.0,62813.0,64874.0,151079.0,156462.0,159657.0,160070.0,194682.0,201020.0,127433.0,31469.0,11055.0,1344212.0,0.14954486345903772,"September, 2019",55.3,44.6,66.0,3.46,226.0,,0.04672849223188009,0.04826173252433396,0.11239224169996995,0.11639681835900885,0.11877367558093516,0.11908091878364424,0.14482983338937608,0.09480126646689659,0.023410741757996508,0.00822414916694688
2019-10-01,141.0,2019,10,Maine,23.0,62813.0,64874.0,151079.0,156462.0,159657.0,160070.0,194682.0,201020.0,127433.0,31469.0,11055.0,1344212.0,0.14954486345903772,"October, 2019",46.1,37.1,55.1,5.73,515.0,,0.04672849223188009,0.04826173252433396,0.11239224169996995,0.11639681835900885,0.11877367558093516,0.11908091878364424,0.14482983338937608,0.09480126646689659,0.023410741757996508,0.00822414916694688
2019-11-01,130.0,2019,11,Maine,23.0,62813.0,64874.0,151079.0,156462.0,159657.0,160070.0,194682.0,201020.0,127433.0,31469.0,11055.0,1344212.0,0.14954486345903772,"November, 2019",29.6,22.1,37.0,4.08,970.0,,0.04672849223188009,0.04826173252433396,0.11239224169996995,0.11639681835900885,0.11877367558093516,0.11908091878364424,0.14482983338937608,0.09480126646689659,0.023410741757996508,0.00822414916694688
2019-12-01,123.0,2019,12,Maine,23.0,62813.0,64874.0,151079.0,156462.0,159657.0,160070.0,194682.0,201020.0,127433.0,31469.0,11055.0,1344212.0,0.14954486345903772,"December, 2019",22.8,14.7,30.8,3.75,1202.0,,0.04672849223188009,0.04826173252433396,0.11239224169996995,0.11639681835900885,0.11877367558093516,0.11908091878364424,0.14482983338937608,0.09480126646689659,0.023410741757996508,0.00822414916694688
2020-01-01,131.0,2020,1,,23.0,61923.5,66973.5,150278.5,156550.5,167231.5,159272.5,194670.0,204664.5,133257.0,31550.5,11263.5,1358229.5,0.15068477013641657,"January, 2020",20.8,12.7,29.0,3.06,1253.0,,0.045591337840917165,0.04930941346804792,0.11064293626371685,0.1152607125673533,0.12312462658188472,0.11726479214300677,0.1433262935313951,0.09811081264248789,0.023229137638374076,0.008292781153700461
2020-02-01,126.0,2020,2,,23.0,61923.5,66973.5,150278.5,156550.5,167231.5,159272.5,194670.0,204664.5,133257.0,31550.5,11263.5,1358229.5,0.15068477013641657,"February, 2020",20.1,9.5,30.7,2.85,1134.0,,0.045591337840917165,0.04930941346804792,0.11064293626371685,0.1152607125673533,0.12312462658188472,0.11726479214300677,0.1433262935313951,0.09811081264248789,0.023229137638374076,0.008292781153700461
2020-03-01,125.0,2020,3,,23.0,61923.5,66973.5,150278.5,156550.5,167231.5,159272.5,194670.0,204664.5,133257.0,31550.5,11263.5,1358229.5,0.15068477013641657,"March, 2020",29.6,19.6,39.7,2.7,976.0,,0.045591337840917165,0.04930941346804792,0.11064293626371685,0.1152607125673533,0.12312462658188472,0.11726479214300677,0.1433262935313951,0.09811081264248789,0.023229137638374076,0.008292781153700461
2020-04-01,75.0,2020,4,,23.0,61923.5,66973.5,150278.5,156550.5,167231.5,159272.5,194670.0,204664.5,133257.0,31550.5,11263.5,1358229.5,0.15068477013641657,"April, 2020",37.7,27.9,47.5,4.17,749.0,,0.045591337840917165,0.04930941346804792,0.11064293626371685,0.1152607125673533,0.12312462658188472,0.11726479214300677,0.1433262935313951,0.09811081264248789,0.023229137638374076,0.008292781153700461
2020-05-01,134.0,2020,5,,23.0,61923.5,66973.5,150278.5,156550.5,167231.5,159272.5,194670.0,204664.5,133257.0,31550.5,11263.5,1358229.5,0.15068477013641657,"May, 2020",51.2,38.7,63.6,2.62,384.0,,0.045591337840917165,0.04930941346804792,0.11064293626371685,0.1152607125673533,0.12312462658188472,0.11726479214300677,0.1433262935313951,0.09811081264248789,0.023229137638374076,0.008292781153700461
2020-06-01,142.0,2020,6,,23.0,61923.5,66973.5,150278.5,156550.5,167231.5,159272.5,194670.0,204664.5,133257.0,31550.5,11263.5,1358229.5,0.15068477013641657,"June, 2020",62.5,50.1,74.9,2.29,75.0,35.0,0.045591337840917165,0.04930941346804792,0.11064293626371685,0.1152607125673533,0.12312462658188472,0.11726479214300677,0.1433262935313951,0.09811081264248789,0.023229137638374076,0.008292781153700461
2020-07-01,137.0,2020,7,,23.0,61923.5,66973.5,150278.5,156550.5,167231.5,159272.5,194670.0,204664.5,133257.0,31550.5,11263.5,1358229.5,0.15068477013641657,"July, 2020",68.9,58.6,79.2,3.85,10.0,160.0,0.045591337840917165,0.04930941346804792,0.11064293626371685,0.1152607125673533,0.12312462658188472,0.11726479214300677,0.1433262935313951,0.09811081264248789,0.023229137638374076,0.008292781153700461
2020-08-01,152.0,2020,8,,23.0,61923.5,66973.5,150278.5,156550.5,167231.5,159272.5,194670.0,204664.5,133257.0,31550.5,11263.5,1358229.5,0.15068477013641657,"August, 2020",65.6,54.4,76.8,2.81,32.0,110.0,0.045591337840917165,0.04930941346804792,0.11064293626371685,0.1152607125673533,0.12312462658188472,0.11726479214300677,0.1433262935313951,0.09811081264248789,0.023229137638374076,0.008292781153700461
2020-09-01,169.0,2020,9,,23.0,61923.5,66973.5,150278.5,156550.5,167231.5,159272.5,194670.0,204664.5,133257.0,31550.5,11263.5,1358229.5,0.15068477013641657,"September, 2020",56.8,44.7,69.0,1.0,187.0,7.0,0.045591337840917165,0.04930941346804792,0.11064293626371685,0.1152607125673533,0.12312462658188472,0.11726479214300677,0.1433262935313951,0.09811081264248789,0.023229137638374076,0.008292781153700461
2020-10-01,132.0,2020,10,,23.0,61923.5,66973.5,150278.5,156550.5,167231.5,159272.5,194670.0,204664.5,133257.0,31550.5,11263.5,1358229.5,0.15068477013641657,"October, 2020",44.7,35.6,53.7,6.12,555.0,,0.045591337840917165,0.04930941346804792,0.11064293626371685,0.1152607125673533,0.12312462658188472,0.11726479214300677,0.1433262935313951,0.09811081264248789,0.023229137638374076,0.008292781153700461
2020-11-01,131.0,2020,11,,23.0,61923.5,66973.5,150278.5,156550.5,167231.5,159272.5,194670.0,204664.5,133257.0,31550.5,11263.5,1358229.5,0.15068477013641657,"November, 2020",37.0,28.0,46.0,3.83,763.0,,0.045591337840917165,0.04930941346804792,0.11064293626371685,0.1152607125673533,0.12312462658188472,0.11726479214300677,0.1433262935313951,0.09811081264248789,0.023229137638374076,0.008292781153700461
2020-12-01,104.0,2020,12,,23.0,61923.5,66973.5,150278.5,156550.5,167231.5,159272.5,194670.0,204664.5,133257.0,31550.5,11263.5,1358229.5,0.15068477013641657,"December, 2020",27.2,20.4,34.1,5.33,1082.0,,0.045591337840917165,0.04930941346804792,0.11064293626371685,0.1152607125673533,0.12312462658188472,0.11726479214300677,0.1433262935313951,0.09811081264248789,0.023229137638374076,0.008292781153700461
2021-01-01,130.0,2021,1,Maine,23.0,61034.0,69073.0,149478.0,156639.0,174806.0,158475.0,194658.0,208309.0,139081.0,31632.0,11472.0,1372247.0,0.15180138852553512,"January, 2021",21.4,14.9,28.0,1.89,1240.0,,0.0444774155090155,0.050335690294823016,0.10892936912961004,0.11414781741187993,0.1273866876735748,0.11548576896141875,0.1418534709859085,0.10135274480468895,0.023051243690093693,0.008360010989275255
2021-02-01,107.0,2021,2,Maine,23.0,61034.0,69073.0,149478.0,156639.0,174806.0,158475.0,194658.0,208309.0,139081.0,31632.0,11472.0,1372247.0,0.15180138852553512,"February, 2021",18.5,9.0,28.0,2.9,1198.0,,0.0444774155090155,0.050335690294823016,0.10892936912961004,0.11414781741187993,0.1273866876735748,0.11548576896141875,0.1418534709859085,0.10135274480468895,0.023051243690093693,0.008360010989275255
2021-03-01,141.0,2021,3,Maine,23.0,61034.0,69073.0,149478.0,156639.0,174806.0,158475.0,194658.0,208309.0,139081.0,31632.0,11472.0,1372247.0,0.15180138852553512,"March, 2021",29.4,18.1,40.7,1.98,1013.0,,0.0444774155090155,0.050335690294823016,0.10892936912961004,0.11414781741187993,0.1273866876735748,0.11548576896141875,0.1418534709859085,0.10135274480468895,0.023051243690093693,0.008360010989275255
2021-04-01,149.0,2021,4,Maine,23.0,61034.0,69073.0,149478.0,156639.0,174806.0,158475.0,194658.0,208309.0,139081.0,31632.0,11472.0,1372247.0,0.15180138852553512,"April, 2021",43.2,32.0,54.3,3.24,593.0,,0.0444774155090155,0.050335690294823016,0.10892936912961004,0.11414781741187993,0.1273866876735748,0.11548576896141875,0.1418534709859085,0.10135274480468895,0.023051243690093693,0.008360010989275255
2021-05-01,184.0,2021,5,Maine,23.0,61034.0,69073.0,149478.0,156639.0,174806.0,158475.0,194658.0,208309.0,139081.0,31632.0,11472.0,1372247.0,0.15180138852553512,"May, 2021",52.4,39.8,64.9,2.74,337.0,,0.0444774155090155,0.050335690294823016,0.10892936912961004,0.11414781741187993,0.1273866876735748,0.11548576896141875,0.1418534709859085,0.10135274480468895,0.023051243690093693,0.008360010989275255
2021-06-01,205.0,2021,6,Maine,23.0,61034.0,69073.0,149478.0,156639.0,174806.0,158475.0,194658.0,208309.0,139081.0,31632.0,11472.0,1372247.0,0.15180138852553512,"June, 2021",64.9,52.8,77.0,2.22,34.0,76.0,0.0444774155090155,0.050335690294823016,0.10892936912961004,0.11414781741187993,0.1273866876735748,0.11548576896141875,0.1418534709859085,0.10135274480468895,0.023051243690093693,0.008360010989275255
2021-07-01,191.0,2021,7,Maine,23.0,61034.0,69073.0,149478.0,156639.0,174806.0,158475.0,194658.0,208309.0,139081.0,31632.0,11472.0,1372247.0,0.15180138852553512,"July, 2021",63.6,53.9,73.4,5.46,57.0,62.0,0.0444774155090155,0.050335690294823016,0.10892936912961004,0.11414781741187993,0.1273866876735748,0.11548576896141875,0.1418534709859085,0.10135274480468895,0.023051243690093693,0.008360010989275255
2021-08-01,155.0,2021,8,Maine,23.0,61034.0,69073.0,149478.0,156639.0,174806.0,158475.0,194658.0,208309.0,139081.0,31632.0,11472.0,1372247.0,0.15180138852553512,"August, 2021",68.2,57.9,78.6,2.66,17.0,149.0,0.0444774155090155,0.050335690294823016,0.10892936912961004,0.11414781741187993,0.1273866876735748,0.11548576896141875,0.1418534709859085,0.10135274480468895,0.023051243690093693,0.008360010989275255
2021-09-01,175.0,2021,9,Maine,23.0,61034.0,69073.0,149478.0,156639.0,174806.0,158475.0,194658.0,208309.0,139081.0,31632.0,11472.0,1372247.0,0.15180138852553512,"September, 2021",59.0,48.9,69.1,6.46,135.0,17.0,0.0444774155090155,0.050335690294823016,0.10892936912961004,0.11414781741187993,0.1273866876735748,0.11548576896141875,0.1418534709859085,0.10135274480468895,0.023051243690093693,0.008360010989275255
2021-10-01,162.0,2021,10,Maine,23.0,61034.0,69073.0,149478.0,156639.0,174806.0,158475.0,194658.0,208309.0,139081.0,31632.0,11472.0,1372247.0,0.15180138852553512,"October, 2021",50.2,41.3,59.1,3.78,400.0,,0.0444774155090155,0.050335690294823016,0.10892936912961004,0.11414781741187993,0.1273866876735748,0.11548576896141875,0.1418534709859085,0.10135274480468895,0.023051243690093693,0.008360010989275255
2021-11-01,168.0,2021,11,Maine,23.0,61034.0,69073.0,149478.0,156639.0,174806.0,158475.0,194658.0,208309.0,139081.0,31632.0,11472.0,1372247.0,0.15180138852553512,"November, 2021",35.3,27.0,43.6,3.28,810.0,,0.0444774155090155,0.050335690294823016,0.10892936912961004,0.11414781741187993,0.1273866876735748,0.11548576896141875,0.1418534709859085,0.10135274480468895,0.023051243690093693,0.008360010989275255
2021-12-01,151.0,2021,12,Maine,23.0,61034.0,69073.0,149478.0,156639.0,174806.0,158475.0,194658.0,208309.0,139081.0,31632.0,11472.0,1372247.0,0.15180138852553512,"December, 2021",24.4,16.4,32.4,3.15,1144.0,,0.0444774155090155,0.050335690294823016,0.10892936912961004,0.11414781741187993,0.1273866876735748,0.11548576896141875,0.1418534709859085,0.10135274480468895,0.023051243690093693,0.008360010989275255
2022-01-01,72.0,2022,1,Maine,23.0,61018.0,69458.0,144970.0,159207.0,175007.0,160086.0,192173.0,212846.0,141410.0,36126.0,12164.0,1385340.0,0.15364170528534513,"January, 2022",10.8,-0.3,21.9,2.42,1533.0,,0.04404550507456653,0.050137872291278675,0.10464579092497149,0.11492269045865997,0.12632783287857133,0.11555719173632466,0.13871901482668514,0.10207602465820664,0.02607735285200745,0.008780515974417832
2022-02-01,117.0,2022,2,Maine,23.0,61018.0,69458.0,144970.0,159207.0,175007.0,160086.0,192173.0,212846.0,141410.0,36126.0,12164.0,1385340.0,0.15364170528534513,"February, 2022",19.2,8.0,30.5,3.82,1162.0,,0.04404550507456653,0.050137872291278675,0.10464579092497149,0.11492269045865997,0.12632783287857133,0.11555719173632466,0.13871901482668514,0.10207602465820664,0.02607735285200745,0.008780515974417832
2022-03-01,135.0,2022,3,Maine,23.0,61018.0,69458.0,144970.0,159207.0,175007.0,160086.0,192173.0,212846.0,141410.0,36126.0,12164.0,1385340.0,0.15364170528534513,"March, 2022",29.0,19.8,38.2,3.33,1010.0,,0.04404550507456653,0.050137872291278675,0.10464579092497149,0.11492269045865997,0.12632783287857133,0.11555719173632466,0.13871901482668514,0.10207602465820664,0.02607735285200745,0.008780515974417832
2022-04-01,139.0,2022,4,Maine,23.0,61018.0,69458.0,144970.0,159207.0,175007.0,160086.0,192173.0,212846.0,141410.0,36126.0,12164.0,1385340.0,0.15364170528534513,"April, 2022",40.6,30.9,50.2,4.46,657.0,,0.04404550507456653,0.050137872291278675,0.10464579092497149,0.11492269045865997,0.12632783287857133,0.11555719173632466,0.13871901482668514,0.10207602465820664,0.02607735285200745,0.008780515974417832
2022-05-01,199.0,2022,5,Maine,23.0,61018.0,69458.0,144970.0,159207.0,175007.0,160086.0,192173.0,212846.0,141410.0,36126.0,12164.0,1385340.0,0.15364170528534513,"May, 2022",54.4,41.0,67.7,2.82,295.0,2.0,0.04404550507456653,0.050137872291278675,0.10464579092497149,0.11492269045865997,0.12632783287857133,0.11555719173632466,0.13871901482668514,0.10207602465820664,0.02607735285200745,0.008780515974417832
2022-06-01,188.0,2022,6,Maine,23.0,61018.0,69458.0,144970.0,159207.0,175007.0,160086.0,192173.0,212846.0,141410.0,36126.0,12164.0,1385340.0,0.15364170528534513,"June, 2022",60.1,48.6,71.5,3.27,125.0,12.0,0.04404550507456653,0.050137872291278675,0.10464579092497149,0.11492269045865997,0.12632783287857133,0.11555719173632466,0.13871901482668514,0.10207602465820664,0.02607735285200745,0.008780515974417832
2022-07-01,233.0,2022,7,Maine,23.0,61018.0,69458.0,144970.0,159207.0,175007.0,160086.0,192173.0,212846.0,141410.0,36126.0,12164.0,1385340.0,0.15364170528534513,"July, 2022",67.7,55.4,80.0,4.48,12.0,160.0,0.04404550507456653,0.050137872291278675,0.10464579092497149,0.11492269045865997,0.12632783287857133,0.11555719173632466,0.13871901482668514,0.10207602465820664,0.02607735285200745,0.008780515974417832
2022-08-01,178.0,2022,8,Maine,23.0,61018.0,69458.0,144970.0,159207.0,175007.0,160086.0,192173.0,212846.0,141410.0,36126.0,12164.0,1385340.0,0.15364170528534513,"August, 2022",67.2,57.0,77.4,4.95,18.0,150.0,0.04404550507456653,0.050137872291278675,0.10464579092497149,0.11492269045865997,0.12632783287857133,0.11555719173632466,0.13871901482668514,0.10207602465820664,0.02607735285200745,0.008780515974417832
2022-09-01,181.0,2022,9,Maine,23.0,61018.0,69458.0,144970.0,159207.0,175007.0,160086.0,192173.0,212846.0,141410.0,36126.0,12164.0,1385340.0,0.15364170528534513,"September, 2022",57.1,47.1,67.1,4.62,188.0,7.0,0.04404550507456653,0.050137872291278675,0.10464579092497149,0.11492269045865997,0.12632783287857133,0.11555719173632466,0.13871901482668514,0.10207602465820664,0.02607735285200745,0.008780515974417832
2022-10-01,168.0,2022,10,Maine,23.0,61018.0,69458.0,144970.0,159207.0,175007.0,160086.0,192173.0,212846.0,141410.0,36126.0,12164.0,1385340.0,0.15364170528534513,"October, 2022",49.1,37.6,60.7,5.72,443.0,,0.04404550507456653,0.050137872291278675,0.10464579092497149,0.11492269045865997,0.12632783287857133,0.11555719173632466,0.13871901482668514,0.10207602465820664,0.02607735285200745,0.008780515974417832
2022-11-01,188.0,2022,11,Maine,23.0,61018.0,69458.0,144970.0,159207.0,175007.0,160086.0,192173.0,212846.0,141410.0,36126.0,12164.0,1385340.0,0.15364170528534513,"November, 2022",37.4,28.4,46.4,4.52,739.0,,0.04404550507456653,0.050137872291278675,0.10464579092497149,0.11492269045865997,0.12632783287857133,0.11555719173632466,0.13871901482668514,0.10207602465820664,0.02607735285200745,0.008780515974417832
2022-12-01,171.0,2022,12,Maine,23.0,61018.0,69458.0,144970.0,159207.0,175007.0,160086.0,192173.0,212846.0,141410.0,36126.0,12164.0,1385340.0,0.15364170528534513,"December, 2022",27.6,20.6,34.5,5.53,1072.0,,0.04404550507456653,0.050137872291278675,0.10464579092497149,0.11492269045865997,0.12632783287857133,0.11555719173632466,0.13871901482668514,0.10207602465820664,0.02607735285200745,0.008780515974417832
2023-01-01,126.0,2023,1,Maine,23.0,59898.0,66379.0,152578.0,157211.0,173981.0,167172.0,186190.0,216104.0,146656.0,39057.0,12528.0,1395722.0,0.1548331257943917,"January, 2023",24.1,16.9,31.5,5.42,1134.0,,0.04291542298537961,0.047558897832089775,0.10931833130093242,0.1126377602416527,0.12465304695347641,0.11977456828795419,0.1334004909287093,0.10507536601128305,0.027983366315068474,0.008975999518528762
2023-02-01,137.0,2023,2,Maine,23.0,59898.0,66379.0,152578.0,157211.0,173981.0,167172.0,186190.0,216104.0,146656.0,39057.0,12528.0,1395722.0,0.1548331257943917,"February, 2023",18.2,7.3,29.0,1.68,1182.0,,0.04291542298537961,0.047558897832089775,0.10931833130093242,0.1126377602416527,0.12465304695347641,0.11977456828795419,0.1334004909287093,0.10507536601128305,0.027983366315068474,0.008975999518528762
2023-03-01,161.0,2023,3,Maine,23.0,59898.0,66379.0,152578.0,157211.0,173981.0,167172.0,186190.0,216104.0,146656.0,39057.0,12528.0,1395722.0,0.1548331257943917,"March, 2023",30.2,21.4,39.0,2.29,987.0,,0.04291542298537961,0.047558897832089775,0.10931833130093242,0.1126377602416527,0.12465304695347641,0.11977456828795419,0.1334004909287093,0.10507536601128305,0.027983366315068474,0.008975999518528762
2023-04-01,150.0,2023,4,Maine,23.0,59898.0,66379.0,152578.0,157211.0,173981.0,167172.0,186190.0,216104.0,146656.0,39057.0,12528.0,1395722.0,0.1548331257943917,"April, 2023",41.7,31.2,52.2,2.5,636.0,,0.04291542298537961,0.047558897832089775,0.10931833130093242,0.1126377602416527,0.12465304695347641,0.11977456828795419,0.1334004909287093,0.10507536601128305,0.027983366315068474,0.008975999518528762
2023-05-01,185.0,2023,5,Maine,23.0,59898.0,66379.0,152578.0,157211.0,173981.0,167172.0,186190.0,216104.0,146656.0,39057.0,12528.0,1395722.0,0.1548331257943917,"May, 2023",51.3,38.1,64.4,4.1,371.0,,0.04291542298537961,0.047558897832089775,0.10931833130093242,0.1126377602416527,0.12465304695347641,0.11977456828795419,0.1334004909287093,0.10507536601128305,0.027983366315068474,0.008975999518528762
2023-06-01,134.0,2023,6,Maine,23.0,59898.0,66379.0,152578.0,157211.0,173981.0,167172.0,186190.0,216104.0,146656.0,39057.0,12528.0,1395722.0,0.1548331257943917,"June, 2023",59.9,50.6,69.1,6.43,147.0,8.0,0.04291542298537961,0.047558897832089775,0.10931833130093242,0.1126377602416527,0.12465304695347641,0.11977456828795419,0.1334004909287093,0.10507536601128305,0.027983366315068474,0.008975999518528762
2023-07-01,156.0,2023,7,Maine,23.0,59898.0,66379.0,152578.0,157211.0,173981.0,167172.0,186190.0,216104.0,146656.0,39057.0,12528.0,1395722.0,0.1548331257943917,"July, 2023",69.9,60.5,79.4,5.49,7.0,183.0,0.04291542298537961,0.047558897832089775,0.10931833130093242,0.1126377602416527,0.12465304695347641,0.11977456828795419,0.1334004909287093,0.10507536601128305,0.027983366315068474,0.008975999518528762
2023-08-01,183.0,2023,8,Maine,23.0,59898.0,66379.0,152578.0,157211.0,173981.0,167172.0,186190.0,216104.0,146656.0,39057.0,12528.0,1395722.0,0.1548331257943917,"August, 2023",63.4,54.1,72.7,6.78,62.0,70.0,0.04291542298537961,0.047558897832089775,0.10931833130093242,0.1126377602416527,0.12465304695347641,0.11977456828795419,0.1334004909287093,0.10507536601128305,0.027983366315068474,0.008975999518528762
2023-09-01,186.0,2023,9,Maine,23.0,59898.0,66379.0,152578.0,157211.0,173981.0,167172.0,186190.0,216104.0,146656.0,39057.0,12528.0,1395722.0,0.1548331257943917,"September, 2023",60.8,50.5,71.1,5.05,106.0,28.0,0.04291542298537961,0.047558897832089775,0.10931833130093242,0.1126377602416527,0.12465304695347641,0.11977456828795419,0.1334004909287093,0.10507536601128305,0.027983366315068474,0.008975999518528762
2023-10-01,166.0,2023,10,Maine,23.0,59898.0,66379.0,152578.0,157211.0,173981.0,167172.0,186190.0,216104.0,146656.0,39057.0,12528.0,1395722.0,0.1548331257943917,"October, 2023",51.6,43.2,59.9,5.14,359.0,,0.04291542298537961,0.047558897832089775,0.10931833130093242,0.1126377602416527,0.12465304695347641,0.11977456828795419,0.1334004909287093,0.10507536601128305,0.027983366315068474,0.008975999518528762
2023-11-01,203.0,2023,11,Maine,23.0,59898.0,66379.0,152578.0,157211.0,173981.0,167172.0,186190.0,216104.0,146656.0,39057.0,12528.0,1395722.0,0.1548331257943917,"November, 2023",31.7,23.6,39.7,2.54,920.0,,0.04291542298537961,0.047558897832089775,0.10931833130093242,0.1126377602416527,0.12465304695347641,0.11977456828795419,0.1334004909287093,0.10507536601128305,0.027983366315068474,0.008975999518528762
2023-12-01,171.0,2023,12,Maine,23.0,59898.0,66379.0,152578.0,157211.0,173981.0,167172.0,186190.0,216104.0,146656.0,39057.0,12528.0,1395722.0,0.1548331257943917,"December, 2023",28.9,21.4,36.1,6.63,1027.0,,0.04291542298537961,0.047558897832089775,0.10931833130093242,0.1126377602416527,0.12465304695347641,0.11977456828795419,0.1334004909287093,0.10507536601128305,0.027983366315068474,0.008975999518528762
2024-01-01,,2024,1,Maine,23.0,58509.0,72063.0,148666.0,156709.0,179032.0,167105.0,180591.0,213995.0,157351.0,39071.0,12827.0,1405012.0,0.15230830768705178,"January, 2024",20.3,12.5,28.0,3.65,1267.0,,0.04164306069983744,0.05128995339541584,0.10581119591861138,0.1115357021861735,0.12742382271468145,0.11893492724617298,0.12853342177860402,0.11199263778530005,0.027808303416625622,0.009129459392517645
2024-02-01,,2024,2,Maine,23.0,58509.0,72063.0,148666.0,156709.0,179032.0,167105.0,180591.0,213995.0,157351.0,39071.0,12827.0,1405012.0,0.15230830768705178,"February, 2024",23.8,13.8,33.8,1.15,1064.0,,0.04164306069983744,0.05128995339541584,0.10581119591861138,0.1115357021861735,0.12742382271468145,0.11893492724617298,0.12853342177860402,0.11199263778530005,0.027808303416625622,0.009129459392517645
2024-03-01,,2024,3,Maine,23.0,58509.0,72063.0,148666.0,156709.0,179032.0,167105.0,180591.0,213995.0,157351.0,39071.0,12827.0,1405012.0,0.15230830768705178,"March, 2024",32.4,24.4,40.3,7.74,928.0,,0.04164306069983744,0.05128995339541584,0.10581119591861138,0.1115357021861735,0.12742382271468145,0.11893492724617298,0.12853342177860402,0.11199263778530005,0.027808303416625622,0.009129459392517645
2024-04-01,,2024,4,Maine,23.0,58509.0,72063.0,148666.0,156709.0,179032.0,167105.0,180591.0,213995.0,157351.0,39071.0,12827.0,1405012.0,0.15230830768705178,"April, 2024",40.8,30.2,51.4,2.91,669.0,,0.04164306069983744,0.05128995339541584,0.10581119591861138,0.1115357021861735,0.12742382271468145,0.11893492724617298,0.12853342177860402,0.11199263778530005,0.027808303416625622,0.009129459392517645
2024-05-01,,2024,5,Maine,23.0,58509.0,72063.0,148666.0,156709.0,179032.0,167105.0,180591.0,213995.0,157351.0,39071.0,12827.0,1405012.0,0.15230830768705178,"May, 2024",55.2,44.0,66.4,2.98,282.0,3.0,0.04164306069983744,0.05128995339541584,0.10581119591861138,0.1115357021861735,0.12742382271468145,0.11893492724617298,0.12853342177860402,0.11199263778530005,0.027808303416625622,0.009129459392517645
2024-06-01,,2024,6,Maine,23.0,58509.0,72063.0,148666.0,156709.0,179032.0,167105.0,180591.0,213995.0,157351.0,39071.0,12827.0,1405012.0,0.15230830768705178,"June, 2024",63.9,52.6,75.2,4.44,54.0,52.0,0.04164306069983744,0.05128995339541584,0.10581119591861138,0.1115357021861735,0.12742382271468145,0.11893492724617298,0.12853342177860402,0.11199263778530005,0.027808303416625622,0.009129459392517645
2024-07-01,,2024,7,Maine,23.0,58509.0,72063.0,148666.0,156709.0,179032.0,167105.0,180591.0,213995.0,157351.0,39071.0,12827.0,1405012.0,0.15230830768705178,"July, 2024",69.6,59.1,80.1,4.76,5.0,188.0,0.04164306069983744,0.05128995339541584,0.10581119591861138,0.1115357021861735,0.12742382271468145,0.11893492724617298,0.12853342177860402,0.11199263778530005,0.027808303416625622,0.009129459392517645
2024-08-01,,2024,8,Maine,23.0,58509.0,72063.0,148666.0,156709.0,179032.0,167105.0,180591.0,213995.0,157351.0,39071.0,12827.0,1405012.0,0.15230830768705178,"August, 2024",65.6,55.6,75.6,4.41,38.0,98.0,0.04164306069983744,0.05128995339541584,0.10581119591861138,0.1115357021861735,0.12742382271468145,0.11893492724617298,0.12853342177860402,0.11199263778530005,0.027808303416625622,0.009129459392517645
2024-09-01,,2024,9,Maine,23.0,58509.0,72063.0,148666.0,156709.0,179032.0,167105.0,180591.0,213995.0,157351.0,39071.0,12827.0,1405012.0,0.15230830768705178,"September, 2024",59.2,47.8,70.5,1.55,147.0,14.0,0.04164306069983744,0.05128995339541584,0.10581119591861138,0.1115357021861735,0.12742382271468145,0.11893492724617298,0.12853342177860402,0.11199263778530005,0.027808303416625622,0.009129459392517645
2024-10-01,,2024,10,Maine,23.0,58509.0,72063.0,148666.0,156709.0,179032.0,167105.0,180591.0,213995.0,157351.0,39071.0,12827.0,1405012.0,0.15230830768705178,"October, 2024",47.6,37.6,57.7,1.81,484.0,,0.04164306069983744,0.05128995339541584,0.10581119591861138,0.1115357021861735,0.12742382271468145,0.11893492724617298,0.12853342177860402,0.11199263778530005,0.027808303416625622,0.009129459392517645
2024-11-01,,2024,11,Maine,23.0,58509.0,72063.0,148666.0,156709.0,179032.0,167105.0,180591.0,213995.0,157351.0,39071.0,12827.0,1405012.0,0.15230830768705178,"November, 2024",38.7,31.3,46.1,2.65,718.0,,0.04164306069983744,0.05128995339541584,0.10581119591861138,0.1115357021861735,0.12742382271468145,0.11893492724617298,0.12853342177860402,0.11199263778530005,0.027808303416625622,0.009129459392517645
2024-12-01,,2024,12,Maine,23.0,58509.0,72063.0,148666.0,156709.0,179032.0,167105.0,180591.0,213995.0,157351.0,39071.0,12827.0,1405012.0,0.15230830768705178,"December, 2024",22.9,14.5,31.3,4.86,1208.0,,0.04164306069983744,0.05128995339541584,0.10581119591861138,0.1115357021861735,0.12742382271468145,0.11893492724617298,0.12853342177860402,0.11199263778530005,0.027808303416625622,0.009129459392517645
